Generation,Average Fitness,Best Fitness,Standard Deviation,Average Hamming Distance
0,0.22639999999999996,7.76,5.977744260092136,32.00277373737373
1,1.1944,9.12,1.2555431907434047,31.485317171717174
2,4.532799999999998,13.28,2.700821704790877,28.041224242424235
3,8.061600000000002,16.4,3.970558316658974,22.659264646464653
4,10.938400000000003,18.48,3.79230213707241,19.158234343434348
5,13.607999999999995,20.08,4.016058483368262,15.885610101010098
6,15.748,21.44,3.967472168816528,13.490606060606055
7,17.608799999999995,22.64,3.9905005740514308,11.823551515151513
8,18.856799999999993,23.52,3.7810326516273416,10.938141414141414
9,20.073600000000003,24.0,3.9635878461985343,10.207987878787877
10,20.920800000000003,24.48,3.8291543696306394,10.008242424242423
11,21.659999999999997,24.8,3.7183049456128883,9.749723232323234
12,22.1752,25.44,3.7883369380353082,9.610096969696967
13,22.628800000000005,25.92,3.8175352273447087,9.619325252525254
14,23.0664,26.0,3.8023096278893145,9.571642424242425
15,23.599999999999994,26.48,3.8476777107344793,9.459034343434345
16,23.866399999999995,26.72,3.7892021152268525,9.381890909090906
17,24.127999999999993,27.36,3.911635933892557,9.416092929292926
18,24.413600000000002,27.76,3.9286604939641463,9.560525252525254
19,24.7592,28.16,3.976061176308509,9.675709090909093
20,25.222400000000007,28.8,4.043206319478535,9.60330707070707
21,25.604799999999987,29.12,4.065689571944864,9.61704444444444
22,26.037599999999994,29.44,4.141648457592013,9.459286868686867
23,26.508800000000004,29.92,4.146101024924466,9.380111111111113
24,26.848,30.24,4.13980406171928,9.341004040404039
25,27.283199999999997,30.72,4.231031672885462,9.252480808080808
26,27.65600000000001,31.04,4.211316549507568,9.160139393939394
27,27.9168,31.28,4.148327630609353,9.234260606060605
28,28.2352,31.52,4.264708551693109,9.2145898989899
29,28.631200000000003,31.76,4.318623708480442,9.167951515151517
30,28.947199999999995,32.24,4.280090550105055,9.048854545454546
31,29.11039999999999,32.88,4.207986632655778,9.121424242424238
32,29.420800000000007,33.2,4.3237366407518305,9.16459797979798
33,29.7672,33.84,4.284832456190469,9.200533333333338
34,30.2328,34.0,4.392555739680708,9.014353535353536
35,30.677600000000005,34.48,4.453591672997458,8.930870707070708
36,31.07359999999999,34.8,4.42718701102119,8.78841616161616
37,31.415200000000013,35.36,4.449885394665273,8.732048484848486
38,31.792799999999993,35.68,4.496943386924475,8.665393939393939
39,32.27120000000001,36.16,4.526032622371265,8.493864646464647
40,32.62720000000001,36.32,4.531803208097524,8.340753535353539
41,32.9984,36.56,4.553524760220703,8.253608080808078
42,33.23200000000001,36.8,4.5823236475026246,8.24030909090909
43,33.554399999999994,36.96,4.584131824305201,8.312729292929296
44,33.675999999999995,37.04,4.607364988172855,8.350468686868686
45,33.89039999999999,37.44,4.59414293996203,8.466311111111109
46,34.10319999999997,37.6,4.613023481174294,8.472402020202018
47,34.316799999999986,38.08,4.638152524480255,8.518054545454545
48,34.5112,38.16,4.633838845534732,8.535507070707073
49,34.82640000000001,38.72,4.6251396036456445,8.50809090909091
50,35.0448,39.12,4.698147031288697,8.381185858585857
51,35.39280000000001,39.28,4.690094028505937,8.345258585858591
52,35.72240000000001,39.44,4.733338786543465,8.309737373737374
53,36.051199999999994,39.6,4.72636959202952,8.178573737373739
54,36.1984,39.84,4.731444943192722,8.102298989898987
55,36.40480000000001,40.0,4.739944313979645,8.081036363636366
56,36.4664,40.32,4.741223588649945,8.182640404040402
57,36.7416,40.72,4.790644097205527,8.148206060606062
58,36.96639999999998,40.96,4.80792888110001,8.110046464646466
59,37.219199999999994,41.36,4.7859658515759405,8.074161616161616
60,37.37999999999999,41.44,4.803942274311082,8.018856565656568
61,37.78480000000001,42.0,4.892559461240508,7.843121212121216
62,38.12719999999999,42.24,4.869747866126963,7.645719191919194
63,38.391999999999996,42.32,4.876108113167987,7.624072727272727
64,38.68800000000001,42.8,4.89532422298319,7.454955555555554
65,38.95919999999999,42.88,4.902176130774585,7.312553535353533
66,39.15040000000001,42.88,4.930557565773773,7.231163636363639
67,39.24560000000001,43.12,4.956287584634086,7.188575757575757
68,39.514400000000016,43.2,5.031074629319885,7.142274747474749
69,39.59680000000001,43.28,4.9315709281863,7.188915151515155
70,39.803200000000004,43.44,4.958856071713796,7.1230949494949485
71,39.9248,43.52,4.9318338900621965,7.147595959595958
72,39.9072,43.76,4.904208633501588,7.245616161616161
73,40.10560000000001,43.92,5.018582164566252,7.198335353535357
74,40.1664,44.0,4.955489212781801,7.209583838383838
75,40.36800000000001,44.24,5.017038737688662,7.148626262626262
76,40.4488,44.32,5.001142671435314,7.175012121212121
77,40.660799999999995,44.48,5.038248482013081,7.159072727272732
78,40.7648,44.72,5.006415292385539,7.12487676767677
79,40.85519999999999,45.04,4.957291913467981,7.1199898989899
80,41.014399999999995,45.2,5.071216864009534,7.06678181818182
81,41.3248,45.2,5.101483084532758,7.018181818181817
82,41.5088,45.36,5.028698775569578,6.916501010101012
83,41.71039999999999,45.44,5.084677041576168,6.833296969696967
84,41.729600000000026,45.52,5.072713582408405,6.806070707070709
85,41.84080000000001,45.84,5.022238028574059,6.794753535353535
86,41.90480000000002,46.0,5.126710289041241,6.819250505050507
87,42.02560000000001,46.0,5.138089869273924,6.816515151515151
88,42.31200000000002,46.16,5.143159694197044,6.702056565656569
89,42.337599999999995,46.4,5.126161997509144,6.642074747474751
90,42.5056,46.64,5.105991066577603,6.626842424242425
91,42.6016,46.88,5.128969674661415,6.660496969696969
92,42.852000000000004,47.12,5.117617784598773,6.575650505050503
93,43.03520000000001,47.36,5.122284473859885,6.566363636363638
94,43.21279999999999,47.44,5.119868651357222,6.444400000000001
95,43.415999999999976,47.68,5.27485369223902,6.303927272727272
96,43.58,47.84,5.22551110913484,6.234624242424242
97,43.85200000000003,47.92,5.216814933365897,6.204644444444446
98,43.82879999999998,48.0,5.132209050210293,6.189204040404043
99,44.040000000000006,48.24,5.2584258005547735,6.039068686868689
100,44.12159999999999,48.32,5.251589182216922,6.01211717171717
101,44.2728,48.4,5.249388767374102,5.992101010101011
102,44.44320000000002,48.4,5.35423314651516,5.9745858585858596
103,44.508,48.64,5.243503870031893,5.973779797979796
104,44.68000000000001,48.88,5.244863116380928,5.935757575757575
105,44.64800000000001,49.2,5.296648725236191,6.015533333333332
106,44.82240000000001,49.44,5.296309251952806,5.979026262626263
107,45.08240000000001,49.52,5.279256750397991,5.939159595959601
108,45.317599999999985,49.6,5.271896918766925,5.837355555555558
109,45.523999999999994,50.0,5.373716000148506,5.718513131313131
110,45.6624,50.24,5.267618081358207,5.650733333333335
111,45.79119999999999,50.4,5.3177010072780355,5.627648484848485
112,46.26000000000001,50.48,5.4096114055324245,5.42269292929293
113,46.34719999999999,50.56,5.32672563514605,5.309690909090908
114,46.4776,50.72,5.394461882889381,5.244359595959595
115,46.60800000000003,50.96,5.319142204641672,5.2150303030303045
116,46.59920000000004,51.04,5.306558389700715,5.25699191919192
117,46.83279999999999,51.44,5.426755903526031,5.166218181818182
118,46.983999999999995,51.52,5.373885224791843,5.172858585858587
119,47.034399999999984,51.52,5.347061246639767,5.167395959595959
120,47.17520000000001,51.6,5.437179423690658,5.131802020202018
121,47.382400000000004,51.76,5.455436787631562,5.043341414141413
122,47.532,52.0,5.417920435085276,4.9583939393939405
123,47.653600000000004,52.0,5.467682411295458,4.960541414141413
124,47.708799999999975,52.08,5.337326261443787,4.901129292929294
125,47.80720000000002,52.08,5.49849660796083,4.842298989898991
126,47.97280000000001,52.32,5.50822904703267,4.786888888888889
127,48.005599999999994,52.32,5.470334302610513,4.776937373737371
128,48.0368,52.48,5.514286464060948,4.748923232323232
129,48.28559999999999,52.72,5.50761086832579,4.67870909090909
130,48.155999999999985,52.72,5.420671458434103,4.778682828282829
131,48.432799999999986,52.88,5.536521116807288,4.71430505050505
132,48.492000000000004,52.96,5.457941670374569,4.711646464646463
133,48.70000000000001,53.04,5.539551693618463,4.627555555555553
134,48.73680000000001,53.04,5.435472700210139,4.647462626262627
135,48.7768,53.2,5.464885869909341,4.599941414141415
136,48.8248,53.28,5.560958022411,4.588527272727273
137,48.9752,53.36,5.545019307387584,4.60839393939394
138,48.98,53.44,5.486897569232171,4.661212121212121
139,49.02320000000002,53.52,5.529821966090169,4.634185858585859
140,49.24479999999997,53.52,5.5871239409885405,4.586666666666664
141,49.35199999999999,53.76,5.469932347116261,4.527155555555555
142,49.38239999999999,53.76,5.481566028622897,4.511044444444444
143,49.42000000000003,53.76,5.501131643757332,4.507096969696969
144,49.48479999999998,53.92,5.528215634602307,4.460068686868689
145,49.52800000000001,54.08,5.608932964750103,4.382119191919192
146,49.676800000000014,54.16,5.604211848666554,4.362672727272729
147,49.624,54.24,5.4871102212435225,4.402965656565656
148,49.7752,54.32,5.536483973022051,4.356034343434343
149,49.9808,54.4,5.56370870994944,4.274246464646463
150,49.986399999999996,54.56,5.560802646577075,4.261012121212122
151,50.09919999999999,54.72,5.55706436227777,4.271258585858586
152,50.1456,54.72,5.597407113692803,4.257618181818183
153,50.32239999999999,54.8,5.61780747037976,4.196062626262626
154,50.305599999999984,54.88,5.621558770860663,4.187319191919194
155,50.348800000000004,54.96,5.590957720079917,4.1635757575757575
156,50.548,54.96,5.629633212144563,4.148258585858587
157,50.5904,55.04,5.58139444818035,4.12360808080808
158,50.7536,55.12,5.613988442107329,4.110258585858586
159,50.708799999999975,55.36,5.575261695337628,4.162561616161615
160,50.618399999999994,55.6,5.570447121473674,4.199406060606062
161,50.81760000000001,55.68,5.711239586500368,4.153876767676767
162,51.067200000000014,55.68,5.697849891619475,4.100858585858586
163,51.1536,55.84,5.6552385558579905,3.985606060606061
164,51.308799999999984,56.0,5.67863031678873,3.8714525252525247
165,51.42719999999998,56.0,5.668743583844522,3.8487171717171713
166,51.55999999999999,56.0,5.63525795678971,3.805490909090908
167,51.42799999999998,56.0,5.637112567896788,3.8537858585858578
168,51.535999999999994,56.0,5.660272248724154,3.843957575757577
169,51.6928,56.08,5.569884634998654,3.791650505050506
170,51.45360000000001,56.24,5.626098928940131,3.87221414141414
171,51.5696,56.32,5.684548605321595,3.8549878787878775
172,51.65040000000002,56.48,5.681952963896545,3.8695979797979794
173,51.63440000000002,56.72,5.665905212372125,3.8774363636363653
174,51.972800000000014,56.72,5.8056274024282315,3.762616161616165
175,52.01039999999999,56.72,5.707377642543517,3.7309393939393924
176,52.27279999999999,56.8,5.7453093942376885,3.633232323232323
177,52.24239999999999,56.8,5.703502261489625,3.6135272727272745
178,52.372,56.88,5.656650349592561,3.585064646464648
179,52.21760000000001,56.96,5.674439051373448,3.616937373737373
180,52.394400000000026,56.96,5.765170694327372,3.568476767676768
181,52.47120000000001,57.12,5.689922732564828,3.5855858585858584
182,52.43680000000001,57.12,5.653309873991897,3.6011272727272727
183,52.48640000000001,57.2,5.719148461051086,3.5578060606060613
184,52.5752,57.28,5.780537940965994,3.5360545454545447
185,52.63840000000001,57.28,5.727140170983358,3.531597979797978
186,52.77279999999998,57.28,5.754451629376266,3.4981878787878777
187,52.735200000000006,57.28,5.683351424612832,3.5157979797979793
188,52.85760000000001,57.28,5.755412468423798,3.4451898989898995
189,52.79360000000004,57.28,5.650304030836992,3.4888222222222227
190,52.83120000000002,57.36,5.693487825742798,3.48889494949495
191,53.032800000000016,57.52,5.742643765628697,3.4582969696969683
192,52.79679999999999,57.6,5.5667900760894975,3.517171717171716
193,53.02319999999999,57.6,5.741382794210719,3.4874686868686866
194,53.06959999999997,57.68,5.706303276234921,3.4303252525252517
195,53.14559999999999,57.68,5.741262539213108,3.378323232323234
196,53.14079999999997,57.68,5.728235642909015,3.396034343434343
197,53.21519999999996,57.76,5.641750516865114,3.3685616161616165
198,53.23120000000001,57.84,5.719210315638577,3.3550949494949505
199,53.20719999999999,57.92,5.7025237945318725,3.3703272727272724
200,53.34479999999999,57.92,5.7112569423803645,3.3325575757575767
201,53.29439999999999,57.92,5.711844464967307,3.3100404040404037
202,53.3768,57.92,5.805030201136493,3.304333333333334
203,53.327200000000005,57.92,5.657110879839605,3.313804040404042
204,53.42400000000002,57.92,5.752434644379421,3.284973737373738
205,53.40959999999999,58.08,5.7323123998451,3.304145454545456
206,53.391999999999996,58.16,5.746881310168813,3.310303030303031
207,53.44800000000001,58.16,5.784089511820715,3.3158181818181807
208,53.44720000000001,58.24,5.740934758019104,3.3241717171717173
209,53.61599999999999,58.32,5.805023954395863,3.240670707070708
210,53.75040000000002,58.32,5.780995988038744,3.1799656565656567
211,53.67680000000003,58.4,5.74899698361176,3.142945454545455
212,53.80160000000001,58.4,5.810029400221814,3.0887515151515146
213,53.7064,58.48,5.786207865263567,3.101648484848485
214,53.78160000000002,58.64,5.842421323912641,3.091070707070707
215,53.84559999999998,58.8,5.785953617380657,3.063159595959595
216,53.9112,58.8,5.786431464171688,3.0676707070707065
217,53.96319999999998,58.96,5.75879766788121,3.050583838383838
218,54.06399999999999,59.12,5.817064306212294,2.9613090909090904
219,54.21760000000001,59.2,5.910414706250979,2.8706666666666667
220,54.33279999999998,59.2,5.902952560302574,2.8411171717171726
221,54.50959999999999,59.28,5.887548058259078,2.814529292929292
222,54.54239999999999,59.28,5.770480973120544,2.7836686868686864
223,54.67119999999996,59.28,5.834494571362954,2.7447878787878786
224,54.65679999999998,59.28,5.804007346085371,2.7172646464646473
225,54.59679999999997,59.28,5.7327225287725,2.7271676767676767
226,54.78240000000001,59.36,5.852620809353521,2.6733494949494947
227,54.68800000000001,59.36,5.774187776880307,2.72149494949495
228,54.71199999999998,59.36,5.789173753311743,2.7500808080808077
229,54.71200000000003,59.36,5.7424179045127834,2.7667474747474743
230,54.633600000000015,59.44,5.795004176843306,2.7810484848484847
231,54.75119999999999,59.44,5.875278527661322,2.732882828282828
232,54.663999999999994,59.44,5.785214672145921,2.7573838383838374
233,54.77680000000002,59.44,5.813288683844855,2.7138808080808094
234,54.68960000000003,59.44,5.815526946546057,2.7083979797979794
235,54.78799999999999,59.44,5.862145348747787,2.671470707070707
236,54.848,59.44,5.906651495688488,2.6460101010101
237,54.8712,59.52,5.785283522969622,2.6525555555555567
238,54.77519999999997,59.52,5.800524624472178,2.6743010101010096
239,54.84400000000001,59.6,5.838913166949668,2.6851090909090902
240,54.861600000000024,59.6,5.852060345790253,2.6895353535353537
241,54.947999999999986,59.6,5.9057074620353704,2.6588282828282828
242,54.954399999999985,59.76,5.74876747118906,2.669252525252526
243,54.93680000000001,59.76,5.829963517799896,2.671309090909091
244,54.9784,59.76,5.882230829006302,2.6827010101010096
245,54.95520000000001,59.76,5.7765971168827965,2.649779797979798
246,54.99040000000003,59.76,5.851260570429336,2.633480808080807
247,55.0704,59.92,5.934707144781065,2.5937353535353536
248,55.071200000000005,59.92,5.815647096750308,2.5999070707070713
249,55.116000000000014,60.0,5.927832897452898,2.6173838383838386
250,55.29200000000001,60.08,5.9090708437428985,2.5647090909090906
251,55.400800000000025,60.08,5.746717565451707,2.5216404040404035
252,55.273599999999966,60.08,5.799457431445649,2.551379797979798
253,55.2904,60.08,5.810317772994755,2.559094949494948
254,55.396800000000006,60.08,5.847691572351215,2.517117171717171
255,55.4808,60.16,5.828563704512252,2.4802040404040397
256,55.40640000000001,60.16,5.723778728920969,2.510050505050504
257,55.42400000000001,60.24,5.876292498256961,2.5102323232323234
258,55.45920000000003,60.24,5.86343125515123,2.4889131313131316
259,55.5088,60.32,5.886464967383815,2.4794181818181813
260,55.58240000000001,60.32,5.860868076892433,2.4412545454545453
261,55.64239999999999,60.32,5.895761337737566,2.423513131313131
262,55.667999999999985,60.56,5.872293282458873,2.4142989898989895
263,55.6712,60.64,5.840202230723719,2.4384181818181814
264,55.64879999999997,60.64,5.78391059101663,2.461119191919192
265,55.719199999999994,60.64,5.92273670910218,2.434111111111111
266,55.89039999999998,60.64,5.954979492581311,2.3495777777777773
267,55.89039999999998,60.64,5.897343637472915,2.3382040404040394
268,55.91519999999998,60.72,5.9505832388248665,2.328393939393938
269,55.99120000000003,60.88,5.898843999205301,2.308309090909091
270,55.93999999999999,60.88,5.889867788934493,2.342519191919192
271,55.98560000000001,60.96,5.957409269959064,2.333868686868688
272,56.06480000000002,60.96,5.919299109967539,2.2847333333333326
273,56.045599999999986,60.96,5.88208485542949,2.2674565656565657
274,56.10960000000001,60.96,6.034225156874124,2.2476868686868694
275,56.204800000000006,60.96,5.933129727355719,2.218967676767677
276,56.3368,61.04,5.862025383174615,2.1842464646464657
277,56.26559999999999,61.04,5.889066998524499,2.1994969696969697
278,56.273600000000016,61.04,5.904208602653731,2.2065070707070706
279,56.388000000000005,61.12,5.82983390912044,2.1759232323232314
280,56.2992,61.12,5.815553743780144,2.202068686868687
281,56.28079999999999,61.2,5.913223363628955,2.216872727272727
282,56.28079999999997,61.2,5.943798927769056,2.1954565656565648
283,56.45759999999999,61.2,5.926446878209642,2.1489515151515146
284,56.53840000000001,61.2,5.915667782517333,2.1243838383838387
285,56.465599999999995,61.2,5.79215251443331,2.1243353535353537
286,56.506399999999985,61.2,5.955970921944625,2.1054909090909093
287,56.3464,61.2,5.879542103102433,2.133137373737374
288,56.45359999999998,61.2,5.9058468396499135,2.119569696969697
289,56.40240000000001,61.2,5.94103502378063,2.1354101010101005
290,56.404,61.28,5.920472318866096,2.1607191919191915
291,56.417600000000014,61.28,5.840190817997861,2.1437737373737376
292,56.4312,61.28,5.913305688686141,2.142678787878789
293,56.424000000000014,61.36,5.889455722415175,2.157513131313132
294,56.50079999999999,61.44,5.934107555264767,2.127226262626262
295,56.45039999999999,61.44,5.958207063757252,2.1579575757575764
296,56.568000000000005,61.44,5.89756894748427,2.1343939393939393
297,56.57039999999999,61.44,5.907632913067664,2.132888888888889
298,56.75760000000002,61.44,5.845217040604058,2.079040404040404
299,56.61840000000003,61.44,5.8036770377636175,2.1008888888888877
300,56.59199999999998,61.44,5.85462235843562,2.116294949494949
301,56.55760000000001,61.52,6.043040116253486,2.1399656565656575
302,56.692800000000005,61.6,5.948689260773257,2.1106242424242425
303,56.6544,61.68,5.894717592237434,2.12239797979798
304,56.6584,61.68,5.966003731250129,2.1406606060606053
305,56.7928,61.76,5.950546731641447,2.086181818181818
306,56.91679999999997,61.76,5.954674905942884,2.0097232323232315
307,56.93199999999999,61.92,5.83908465631568,1.9923717171717166
308,56.86880000000001,61.92,5.912374134640218,2.008442424242424
309,56.84400000000001,61.92,5.983246998077274,2.0129636363636356
310,56.93599999999998,61.92,6.005795660383821,1.9914686868686866
311,57.07439999999999,62.0,5.972059265446578,1.9149353535353528
312,57.15680000000001,62.0,5.8984474922038395,1.9090222222222217
313,57.16320000000002,62.0,5.952964277387553,1.9115151515151518
314,57.12319999999999,62.0,5.956482834834926,1.9163454545454548
315,57.02559999999998,62.0,6.029190939617337,1.9355737373737363
316,57.136799999999994,62.0,6.034917379062027,1.9084686868686873
317,57.1408,62.16,5.937362914747385,1.920347474747474
318,57.16400000000001,62.16,6.015244160980873,1.914450505050506
319,57.14159999999998,62.16,5.9454301263968174,1.9343676767676772
320,57.287199999999984,62.16,6.03190857394241,1.8992848484848484
321,57.18640000000003,62.16,5.921931224284105,1.9203232323232324
322,57.28719999999998,62.24,6.023665232195219,1.8777434343434347
323,57.24799999999998,62.24,5.991386682868678,1.8963818181818177
324,57.40799999999999,62.24,5.902074068175934,1.8583090909090907
325,57.39039999999999,62.24,5.934457505311634,1.849800000000001
326,57.46959999999997,62.24,5.939492647227338,1.810014141414141
327,57.4344,62.32,5.874476039841419,1.8250848484848483
328,57.428000000000004,62.32,5.951405491435503,1.837208080808081
329,57.35199999999998,62.32,6.008641093200882,1.870929292929292
330,57.52160000000001,62.32,5.995693078989978,1.8040060606060606
331,57.396800000000006,62.32,5.8960787166805995,1.8432747474747475
332,57.39199999999999,62.32,5.998227909095234,1.8428848484848475
333,57.530400000000014,62.32,6.111128419493894,1.8202585858585858
334,57.548799999999964,62.32,5.974896826253988,1.8124949494949494
335,57.44559999999999,62.32,5.905048157927228,1.8296121212121204
336,57.446399999999976,62.32,6.022229736803434,1.8311373737373737
337,57.416,62.32,5.929544475994569,1.834694949494949
338,57.4136,62.32,5.932347304233596,1.8443212121212123
339,57.40479999999998,62.4,6.084978935906303,1.845937373737374
340,57.31359999999997,62.4,6.027365052605153,1.866256565656565
341,57.4632,62.4,5.994070162639875,1.8381434343434344
342,57.52799999999999,62.4,6.005292480883817,1.8136161616161612
343,57.53039999999999,62.4,5.933364215288878,1.7976363636363637
344,57.629599999999975,62.4,5.990612177069253,1.7594606060606057
345,57.62800000000002,62.4,5.920589562086052,1.759513131313131
346,57.59520000000002,62.4,5.919982521394353,1.7627010101010108
347,57.6224,62.4,5.961734693010864,1.7440101010101015
348,57.61199999999999,62.48,5.895687961212665,1.749668686868686
349,57.56399999999999,62.48,5.973436434595676,1.7780101010101008
350,57.49840000000001,62.48,5.979588754716572,1.8047595959595955
351,57.377599999999966,62.48,6.0429662601412595,1.8283999999999987
352,57.51439999999998,62.56,6.064695663209863,1.793812121212121
353,57.70320000000001,62.56,6.0137291387654015,1.7472424242424238
354,57.66880000000001,62.56,5.990650006081545,1.753305050505051
355,57.67039999999997,62.72,5.904754806988002,1.7470929292929298
356,57.746400000000015,62.72,5.946574432296338,1.7239878787878786
357,57.77040000000001,62.72,5.954185486259289,1.7057898989898994
358,57.85119999999998,62.72,5.894549333007989,1.6629595959595957
359,57.773600000000044,62.72,6.003255891622251,1.6718707070707064
360,57.7704,62.72,6.014084681329814,1.6758525252525254
361,57.924000000000035,62.72,6.026227851232295,1.6339151515151515
362,57.72880000000001,62.72,5.953532982694709,1.6908909090909092
363,57.82720000000001,62.72,6.053663445233975,1.6744787878787883
364,57.7688,62.72,5.966949371189863,1.690111111111111
365,57.72799999999998,62.72,6.034230238644458,1.6882585858585863
366,57.816,62.72,6.103758292043121,1.6694484848484845
367,57.73919999999999,62.72,5.9391055853157795,1.7040282828282833
368,57.94239999999999,62.8,6.036271043479568,1.6469232323232326
369,57.89039999999999,62.8,5.922333804949047,1.6535313131313125
370,57.77520000000001,62.8,5.89869288165744,1.6838929292929286
371,57.75519999999999,62.8,6.0162641576191955,1.6940646464646476
372,57.80160000000001,62.8,5.990737321104357,1.676624242424243
373,57.91199999999998,62.8,6.02617293671895,1.646262626262626
374,57.852800000000016,62.88,5.997558501204822,1.6679171717171715
375,57.9944,62.88,6.016139869516025,1.6317494949494955
376,58.0832,62.88,5.936806427307896,1.6263858585858584
377,57.99999999999999,62.88,5.927806634078007,1.6356888888888892
378,58.00799999999997,62.88,5.9387995388795245,1.6190484848484845
379,58.088,62.88,5.953133226374014,1.5976222222222232
380,58.00799999999998,62.88,5.872075453511247,1.6040949494949495
381,58.0112,62.88,6.025232334552566,1.5904040404040398
382,57.948,62.96,6.003472470792758,1.6079757575757574
383,57.85360000000001,62.96,5.973199150797378,1.642167676767677
384,57.907199999999996,62.96,6.064000568057209,1.64179797979798
385,57.95439999999999,62.96,6.043294467546916,1.6325252525252518
386,57.91440000000001,63.04,6.0367231445931875,1.6423252525252525
387,57.94240000000001,63.04,6.006862225236308,1.6264969696969698
388,57.977599999999995,63.04,6.062225969171452,1.6268181818181813
389,58.12720000000001,63.04,6.140412370120303,1.5913212121212121
390,58.04560000000001,63.12,6.03546968860714,1.6016646464646458
391,58.09280000000002,63.12,5.9939644625610855,1.5936828282828281
392,58.121600000000015,63.12,6.014406629174499,1.5932404040404036
393,58.059200000000004,63.12,6.047192883697776,1.6023111111111115
394,58.13039999999999,63.12,6.044075437996472,1.5528505050505053
395,58.1896,63.12,5.994579164484004,1.5418464646464647
396,58.17040000000001,63.12,6.0177113530502835,1.5488747474747484
397,58.1768,63.12,6.044413405978521,1.559634343434344
398,58.14640000000003,63.12,6.0576600413548825,1.5680020202020202
399,58.27200000000002,63.28,5.982677559434608,1.5414303030303032
400,58.1656,63.28,5.962880092560347,1.5753757575757579
401,58.32000000000002,63.28,6.019531357842304,1.54151111111111
402,58.26880000000001,63.36,5.964384442123288,1.5535898989898995
403,58.345600000000005,63.36,6.019867566603278,1.5150101010101005
404,58.396800000000006,63.36,5.951145748033619,1.5057292929292925
405,58.508,63.36,5.982406601204973,1.455151515151516
406,58.50000000000001,63.36,5.979077358875288,1.4560929292929299
407,58.37359999999998,63.36,5.94173295316723,1.4862707070707066
408,58.4888,63.36,6.041508269454102,1.452478787878787
409,58.425599999999974,63.36,5.983202561519409,1.4682585858585866
410,58.37519999999998,63.36,5.937916913473051,1.4789292929292939
411,58.32400000000001,63.36,6.050689223161912,1.4970808080808085
412,58.38400000000001,63.36,6.034581880756797,1.4763919191919188
413,58.36880000000002,63.36,6.044257492708962,1.4864444444444445
414,58.3096,63.36,5.997720012960738,1.5011333333333334
415,58.376,63.36,6.110734770060426,1.4933010101010107
416,58.39519999999999,63.36,6.08898804301055,1.486228282828283
417,58.32560000000003,63.36,5.993129671828618,1.4977434343434342
418,58.4392,63.36,6.0458775501182345,1.4758626262626264
419,58.26080000000002,63.36,5.98823861381729,1.5175979797979795
420,58.43360000000001,63.44,6.010825780850188,1.4751696969696968
421,58.376000000000005,63.44,6.01837926382981,1.504991919191919
422,58.46160000000003,63.44,6.069552002092614,1.4769111111111106
423,58.46639999999998,63.44,6.038401975483664,1.4782767676767676
424,58.392800000000015,63.44,6.09606708587165,1.4804222222222225
425,58.593600000000016,63.44,6.067910619140401,1.4275050505050504
426,58.5,63.44,6.014004251691788,1.4505515151515151
427,58.42959999999998,63.44,6.021564885137808,1.4716343434343435
428,58.56719999999999,63.44,6.055318333848117,1.441511111111111
429,58.55840000000002,63.44,6.031868940268587,1.4415717171717168
430,58.575200000000024,63.44,6.094276192875611,1.4396161616161618
431,58.41359999999998,63.44,5.949671777029031,1.4841393939393939
432,58.43519999999999,63.44,6.055662379174508,1.4784525252525256
433,58.391999999999996,63.44,5.98817866291717,1.4929616161616162
434,58.58080000000002,63.44,6.09555495029833,1.4382646464646462
435,58.395999999999994,63.44,5.958574599333907,1.49450101010101
436,58.50640000000002,63.44,6.094004483955452,1.4700404040404045
437,58.515199999999965,63.44,6.016196784796379,1.4618262626262637
438,58.54560000000002,63.44,6.001455481719145,1.462571717171717
439,58.44159999999997,63.44,5.948417640570695,1.482933333333333
440,58.40639999999999,63.44,6.051425882587207,1.4928161616161615
441,58.45279999999999,63.44,6.106553891722824,1.4782323232323236
442,58.57760000000003,63.44,6.0562705323733566,1.4536080808080805
443,58.50800000000004,63.44,5.98883983846883,1.4693636363636364
444,58.51360000000002,63.44,5.974948161869022,1.4691959595959594
445,58.48,63.44,5.949901193174965,1.485387878787879
446,58.55360000000002,63.44,6.007498356937501,1.4649393939393933
447,58.4384,63.44,6.003276751217792,1.4963818181818187
448,58.43920000000001,63.52,6.06718543166064,1.503812121212121
449,58.50960000000002,63.52,6.056575739362672,1.46889898989899
450,58.513600000000004,63.52,6.008287071168143,1.4800848484848488
451,58.53999999999997,63.52,6.0102331274544305,1.466367676767677
452,58.512,63.52,5.952451623375183,1.4632949494949494
453,58.546400000000034,63.52,6.068002750224646,1.454315151515151
454,58.45359999999999,63.52,6.034735486717497,1.4752969696969702
455,58.45119999999998,63.52,6.092175268971581,1.4693232323232315
456,58.53839999999998,63.52,6.081405531218933,1.4615595959595964
457,58.56560000000003,63.52,6.012718113752324,1.4510949494949494
458,58.7072,63.52,5.949092155809135,1.4040161616161617
459,58.62400000000002,63.52,5.999890879253557,1.4292828282828285
460,58.496,63.52,6.017355053558853,1.4582040404040404
461,58.49519999999998,63.52,6.070053681489091,1.4610646464646464
462,58.54240000000001,63.52,6.091892440361047,1.4469555555555558
463,58.662400000000005,63.52,6.040652779715376,1.4257777777777776
464,58.633599999999994,63.52,5.969466366935061,1.4251030303030303
465,58.492000000000004,63.52,5.926494439396447,1.4624727272727278
466,58.54960000000002,63.52,6.078992100265754,1.4488262626262625
467,58.56239999999997,63.52,6.037770961341824,1.4513171717171718
468,58.53039999999999,63.52,6.044556882517238,1.4618949494949496
469,58.4784,63.52,6.036244723793703,1.4722646464646476
470,58.63840000000001,63.52,6.036378555748201,1.426509090909091
471,58.50880000000003,63.52,6.027783770957592,1.4665070707070706
472,58.652799999999985,63.52,6.062162365527363,1.4320646464646467
473,58.50400000000003,63.52,6.044762244140239,1.469331313131313
474,58.54399999999999,63.52,6.060306952504154,1.449139393939394
475,58.68079999999997,63.52,6.067993173464284,1.4172262626262633
476,58.574400000000004,63.52,5.977036495051209,1.4553737373737374
477,58.588,63.52,5.962144006163023,1.4595111111111116
478,58.664799999999985,63.52,6.1550394342473975,1.4248666666666658
479,58.606400000000015,63.52,5.985404668240511,1.446955555555555
480,58.5784,63.52,6.011548285772534,1.4427373737373745
481,58.53360000000001,63.52,6.01090759239541,1.4626343434343434
482,58.458400000000005,63.52,6.064212188460527,1.4751797979797978
483,58.583999999999996,63.52,6.154937862918316,1.4345030303030308
484,58.62240000000003,63.6,6.019115839151889,1.4181737373737378
485,58.57760000000002,63.6,5.935599156936806,1.4309151515151513
486,58.652799999999985,63.6,6.024008289434456,1.4140121212121213
487,58.741600000000005,63.6,6.03052768866873,1.3935414141414142
488,58.73040000000002,63.6,6.013433525289935,1.3815555555555554
489,58.7056,63.6,5.963519812538286,1.3957070707070707
490,58.736799999999995,63.6,5.991684737547413,1.3849272727272728
491,58.57920000000002,63.6,5.895865439632412,1.4316161616161622
492,58.65040000000001,63.6,6.068388539956434,1.402923232323232
493,58.65119999999999,63.6,6.00633724923089,1.3984727272727278
494,58.62080000000002,63.6,5.984589861649808,1.4049353535353535
495,58.70319999999999,63.6,6.0223546664880345,1.3969636363636355
496,58.75599999999998,63.6,5.959763740053428,1.3898747474747477
497,58.66480000000002,63.68,5.972453927150502,1.4061191919191915
498,58.623200000000054,63.68,5.996223670758082,1.4261333333333328
499,58.716,63.68,6.07262684197545,1.402167676767676
500,58.5744,63.68,6.060890698541585,1.4342141414141414
501,58.63039999999999,63.68,6.05555522639453,1.4065474747474749
502,58.719199999999994,63.68,6.115870954631895,1.3810343434343435
503,58.72479999999998,63.68,6.029332677706248,1.373903030303031
504,58.777600000000014,63.68,6.0127921460387554,1.3554060606060607
505,58.73840000000002,63.68,5.987689953263074,1.365278787878788
506,58.72800000000001,63.68,6.023985368540054,1.3592424242424237
507,58.614399999999996,63.68,5.974696380397785,1.3837616161616162
508,58.722400000000015,63.68,6.055406211165978,1.3594141414141416
509,58.73440000000001,63.68,6.060526881450395,1.364791919191919
510,58.68000000000002,63.68,5.952820089942367,1.37209696969697
511,58.85120000000004,63.68,6.072240552981211,1.3316626262626259
512,58.72080000000002,63.68,5.926384852651649,1.3603474747474746
513,58.76559999999999,63.68,6.040949370591312,1.3575454545454546
514,58.61120000000002,63.68,6.003550704226845,1.3960181818181823
515,58.75839999999998,63.68,6.195639580654004,1.3663313131313137
516,58.726399999999984,63.68,5.991312244788767,1.3677535353535353
517,58.74560000000003,63.68,6.007607119199131,1.3616060606060605
518,58.612799999999986,63.68,6.050052795602428,1.4015010101010104
519,58.691200000000016,63.68,6.132542045560406,1.3763959595959594
520,58.6576,63.68,6.094156658210046,1.3868666666666671
521,58.65920000000003,63.68,6.055848509370029,1.3935717171717166
522,58.71040000000002,63.68,6.123695317740649,1.3876646464646456
523,58.78480000000001,63.68,6.009820216867586,1.3693858585858587
524,58.77119999999999,63.68,6.016827512892804,1.370521212121212
525,58.61440000000002,63.68,5.988636689479355,1.4150848484848493
526,58.68880000000001,63.68,6.062027042038251,1.3893393939393943
527,58.664800000000014,63.68,6.03017042147586,1.391894949494949
528,58.683199999999985,63.68,5.9636969002511035,1.3902646464646466
529,58.76719999999998,63.68,6.0606837723955165,1.364226262626262
530,58.77759999999999,63.68,6.090226984344011,1.3537474747474745
531,58.75520000000002,63.68,5.962438043830655,1.369129292929293
532,58.56799999999999,63.68,5.937944519721725,1.4065757575757576
533,58.63119999999998,63.68,6.136204742168239,1.3938909090909084
534,58.74400000000001,63.68,5.988022059861148,1.3605575757575759
535,58.74639999999997,63.68,6.050968218539335,1.3635010101010103
536,58.75360000000001,63.68,5.998794329232259,1.3584444444444446
537,58.75280000000001,63.68,6.082754459252827,1.3577959595959592
538,58.57279999999998,63.68,6.044929886152601,1.4003474747474747
539,58.714399999999976,63.68,6.13214289011058,1.3622929292929298
540,58.803200000000025,63.68,6.048646416706722,1.345395959595959
541,58.71279999999999,63.68,5.976602481705885,1.3662848484848484
542,58.68160000000001,63.68,6.020416400280713,1.3748424242424238
543,58.617599999999996,63.68,6.017965264897245,1.3927353535353542
544,58.58159999999998,63.68,6.059693618967869,1.3998969696969694
545,58.58320000000001,63.68,6.079504462077964,1.3967515151515146
546,58.75919999999999,63.68,6.0115504236122215,1.3590666666666664
547,58.736799999999995,63.68,6.0400536975460035,1.3672747474747475
548,58.6888,63.68,5.973070091580062,1.3829616161616167
549,58.7704,63.68,6.082885252610287,1.367820202020202
550,58.8368,63.68,6.026535396698331,1.3388060606060606
551,58.715999999999994,63.68,6.007785357014877,1.37139797979798
552,58.79120000000002,63.68,5.993199564651174,1.3519434343434344
553,58.66400000000002,63.68,6.026649018292034,1.3920202020202017
554,58.75360000000001,63.68,6.127765259954661,1.36699393939394
555,58.743200000000016,63.68,6.055961052636427,1.368365656565656
556,58.69359999999999,63.68,5.968492919621549,1.3777454545454544
557,58.77439999999995,63.68,6.089096438980719,1.3631535353535358
558,58.6824,63.68,5.969098174103914,1.3832040404040404
559,58.771200000000015,63.68,6.075973450011599,1.3643070707070704
560,58.82960000000002,63.68,5.974336670812132,1.350721212121212
561,58.76560000000002,63.68,6.0090444108050125,1.354727272727272
562,58.724000000000004,63.68,5.976316571332851,1.367486868686869
563,58.684,63.68,6.010585185800514,1.3760545454545456
564,58.73439999999999,63.68,6.078044031145282,1.365068686868687
565,58.81120000000003,63.68,5.952675318089195,1.3404282828282827
566,58.832800000000006,63.68,5.981947553559613,1.342351515151515
567,58.70400000000001,63.68,5.874055912795151,1.3750202020202016
568,58.68400000000001,63.68,6.048905509831393,1.3859434343434343
569,58.80960000000001,63.68,5.9995477727684605,1.353327272727273
570,58.67839999999998,63.68,6.003716936988858,1.395860606060606
571,58.732,63.68,6.062989160535249,1.3822444444444444
572,58.708799999999975,63.68,5.985857068464502,1.3874161616161624
573,58.79679999999999,63.68,6.036611844653948,1.3615010101010105
574,58.76560000000001,63.68,5.914758555130513,1.375850505050505
575,58.65360000000004,63.68,6.029905108833935,1.4046848484848482
576,58.55760000000002,63.68,6.024293085828448,1.4277212121212128
577,58.75679999999999,63.76,6.058563970199081,1.3765212121212125
578,58.70719999999999,63.76,5.966744843954687,1.3856282828282827
579,58.6608,63.76,6.015277773147783,1.3980404040404042
580,58.627199999999995,63.76,6.017773543014917,1.4029171717171718
581,58.80960000000002,63.76,6.102586625361722,1.3429777777777778
582,58.714400000000005,63.76,6.020084357208028,1.357484848484849
583,58.71920000000001,63.76,6.1358683884937975,1.3626747474747478
584,58.691999999999986,63.76,6.032339369970414,1.3573030303030302
585,58.91600000000005,63.84,6.105942940538074,1.3067212121212115
586,58.7528,63.84,5.964052429465727,1.3521595959595956
587,58.828,63.84,6.10569731442776,1.3428000000000007
588,58.81599999999999,63.84,6.008088553952437,1.336529292929293
589,58.89439999999999,63.84,6.04828313127999,1.3078444444444444
590,58.91280000000002,63.84,5.9744431926000745,1.31190303030303
591,58.86720000000002,63.92,6.00998796128148,1.320963636363637
592,58.8512,63.92,5.978674013809162,1.3263252525252525
593,58.8944,63.92,6.09595070235745,1.3275171717171719
594,58.94800000000001,63.92,5.984592637325579,1.3128323232323238
595,58.87520000000002,63.92,6.084733681224207,1.3234303030303034
596,58.790399999999984,63.92,6.049904228475176,1.3365575757575758
597,58.90240000000004,63.92,6.063170894665696,1.305478787878788
598,58.96159999999999,63.92,6.025316253601552,1.2924161616161616
599,58.90079999999999,63.92,6.041123522143961,1.3059898989898986
600,58.92079999999999,63.92,6.059942063817893,1.3033313131313127
601,58.894400000000005,63.92,6.089402221137916,1.3075818181818177
602,58.886399999999995,63.92,6.046850361500143,1.3117616161616161
603,58.9768,63.92,6.116986510645837,1.2918060606060606
604,59.0,63.92,5.979998927933442,1.2817555555555555
605,59.019199999999984,63.92,6.006005503296006,1.2794828282828286
606,59.03840000000002,63.92,6.00292867058071,1.2736525252525253
607,58.91920000000001,63.92,6.022344041573563,1.3013070707070709
608,59.059999999999974,63.92,6.10584363912396,1.2704101010101012
609,58.87600000000001,63.92,5.989714266226521,1.3241636363636367
610,58.924799999999976,63.92,6.040086030524045,1.3084646464646468
611,58.94720000000001,63.92,6.0478354288611795,1.2998686868686868
612,58.95360000000002,63.92,6.031711208623676,1.2998040404040407
613,58.88080000000003,63.92,6.121136022970403,1.3187838383838382
614,58.93840000000002,63.92,6.059119776274431,1.3035797979797983
615,58.92719999999999,63.92,6.067860023067334,1.3070727272727267
616,58.9032,63.92,6.108942337884436,1.3142323232323228
617,58.908800000000014,63.92,6.051738498378347,1.3182828282828287
618,58.827199999999976,63.92,6.018770215475261,1.3376545454545457
619,58.97760000000001,63.92,6.074164828168018,1.304771717171717
620,58.97039999999999,63.92,5.971170710759209,1.2995999999999999
621,58.974399999999996,63.92,6.0342280193608175,1.2996404040404042
622,58.88159999999998,63.92,5.988372575795142,1.3238323232323232
623,58.795199999999994,63.92,6.03374965718623,1.3460464646464647
624,59.00560000000002,63.92,6.125102945036358,1.2886262626262626
625,58.9344,63.92,6.072397385619723,1.303541414141414
626,58.9128,63.92,6.099314815284791,1.3167313131313134
627,58.96639999999999,63.92,6.09276401366535,1.3013393939393934
628,59.048000000000044,63.92,6.00144447978822,1.2813353535353533
629,58.90959999999998,63.92,5.9977855626141885,1.3168585858585862
630,58.96159999999999,63.92,6.096247460870619,1.3021070707070708
631,58.99120000000002,63.92,6.012255022858829,1.2975535353535352
632,58.90799999999997,63.92,6.0420096586419625,1.3143979797979797
633,58.94879999999998,63.92,6.057019721673586,1.3017636363636362
634,59.010399999999976,63.92,6.021281003934359,1.2895010101010098
635,59.0336,63.92,6.016078926030895,1.285141414141414
636,58.8792,63.92,6.036171150379135,1.3217838383838387
637,58.95440000000001,63.92,6.040385615588571,1.3031050505050503
638,58.975999999999985,63.92,6.051074394509072,1.2931818181818184
639,58.95599999999997,63.92,6.059698108682461,1.3006626262626264
640,58.9272,63.92,6.12349085020887,1.3114545454545459
641,58.97119999999996,63.92,6.101606308570073,1.2968585858585855
642,59.02720000000002,63.92,6.031235733621826,1.2810080808080804
643,58.9256,63.92,5.912151168780644,1.3152565656565653
644,58.9248,63.92,6.08256570479091,1.3099616161616163
645,58.81280000000003,63.92,6.042236426702771,1.3336929292929292
646,58.91519999999998,63.92,6.133608170955192,1.3134686868686867
647,58.94639999999998,63.92,6.027570807236757,1.3086848484848486
648,58.86559999999999,63.92,5.957226201931678,1.323226262626263
649,58.91279999999999,63.92,6.097233386652094,1.318511111111111
650,58.82799999999998,63.92,6.001114183003267,1.3344585858585865
651,58.79360000000004,63.92,6.107525585534005,1.344840404040404
652,58.84240000000002,63.92,6.099061975388443,1.335373737373737
653,58.94480000000001,63.92,6.148034098508731,1.3079010101010105
654,58.9256,63.92,6.012528663400972,1.3191373737373744
655,58.924,63.92,6.093578952809378,1.3134767676767678
656,58.96879999999998,63.92,6.080547884058296,1.3055939393939398
657,58.891200000000005,63.92,6.014432327294278,1.3230686868686874
658,58.92399999999998,63.92,6.033835953549994,1.315159595959596
659,59.02879999999999,64.0,6.051082191333652,1.2810888888888896
660,58.891199999999984,64.0,5.971091512322625,1.3187959595959595
661,58.99040000000001,64.0,6.021512281233166,1.3065858585858583
662,58.98639999999997,64.0,6.061915007964826,1.3069959595959597
663,59.02959999999999,64.0,6.056093588896529,1.301616161616162
664,58.98480000000002,64.0,6.00673887212368,1.2983191919191919
665,59.01600000000001,64.0,6.082154697267148,1.2805313131313127
666,59.02560000000001,64.0,5.953540206552834,1.2725595959595961
667,58.912800000000004,64.0,6.063829954674951,1.304343434343434
668,59.00960000000002,64.0,6.157480341154082,1.278414141414141
669,59.00639999999998,64.0,6.06950282037269,1.2775272727272726
670,58.952799999999996,64.0,6.001481340039411,1.2922565656565652
671,59.00560000000003,64.0,6.0792193743036105,1.2776242424242428
672,58.8856,64.0,6.003835628529113,1.3132202020202022
673,58.94879999999999,64.0,6.067890614818497,1.2939575757575765
674,59.033599999999986,64.0,6.09594513071773,1.2745616161616167
675,58.943999999999996,64.0,5.999287770155933,1.2940262626262626
676,58.94000000000001,64.0,6.107604382662573,1.3035454545454541
677,59.016000000000034,64.0,6.050723512800278,1.2781555555555557
678,59.019999999999975,64.0,6.042904656809071,1.2794848484848487
679,58.908799999999985,64.0,6.058115714701932,1.3026969696969695
680,59.079199999999986,64.0,6.122931057534078,1.2642686868686868
681,58.97680000000002,64.0,6.0903973339093715,1.2838161616161625
682,59.03999999999999,64.0,6.116609114993992,1.274246464646465
683,58.99280000000002,64.0,6.0147114805201065,1.282464646464647
684,58.934400000000004,64.0,6.02089079996093,1.3036909090909088
685,59.02959999999999,64.0,6.105177316774206,1.273787878787879
686,59.0488,64.0,6.004589976134611,1.268688888888889
687,58.913600000000045,64.0,6.041566198053025,1.3047717171717172
688,58.97600000000002,64.0,6.109677204019026,1.2899050505050504
689,59.00720000000001,64.0,6.072403598749259,1.277791919191919
690,58.91520000000002,64.0,6.065132137957567,1.2994505050505052
691,58.93599999999999,64.0,6.13058101406554,1.2974646464646462
692,59.02719999999999,64.0,6.070616511363546,1.2765555555555559
693,59.06000000000002,64.0,6.035127391195498,1.2638282828282834
694,59.04720000000001,64.0,6.033639374351951,1.2672464646464645
695,58.99280000000001,64.0,6.083763884949203,1.2805999999999995
696,58.9352,64.0,5.979031127293837,1.2989656565656573
697,59.11679999999998,64.0,6.110712990196345,1.2545292929292928
698,58.89279999999999,64.0,5.964168216996893,1.31019797979798
699,59.06399999999999,64.0,6.107295323959285,1.2662626262626264
700,58.96559999999997,64.0,6.013093099983608,1.2923535353535354
701,59.02320000000002,64.0,6.098935147649896,1.2763858585858587
702,59.13280000000003,64.0,5.985929782993776,1.2521050505050508
703,58.992799999999995,64.0,5.971290349008431,1.2820585858585856
704,58.974399999999996,64.0,6.100149820977716,1.2890303030303036
705,59.01520000000003,64.0,6.080470472349897,1.27799595959596
706,58.9528,64.0,6.048263790082786,1.2970565656565656
707,59.12239999999998,64.0,6.086164766809649,1.2517898989898983
708,59.09680000000001,64.0,5.9239744690444684,1.2630686868686871
709,59.02,64.0,5.996460381037997,1.2771818181818182
710,59.12159999999997,64.0,5.9696958129432725,1.2548343434343432
711,58.964000000000006,64.0,5.9745554747818685,1.2923010101010104
712,58.972799999999985,64.0,6.078725541640226,1.288721212121212
713,59.0448,64.0,6.089758157610249,1.2724202020202022
714,59.04559999999999,64.0,6.0949502652545915,1.2696888888888893
715,59.12559999999997,64.0,6.054499019878067,1.2475757575757576
716,59.012,64.0,5.993732580247716,1.2782323232323232
717,59.045600000000015,64.0,6.001903715041078,1.2672969696969698
718,59.02000000000001,64.0,6.035388156915116,1.2746020202020207
719,58.96719999999999,64.0,6.023944807456913,1.2922868686868685
720,58.896000000000015,64.0,6.058193103901085,1.3077373737373734
721,59.032800000000016,64.0,6.156029442373063,1.2729797979797983
722,58.97039999999999,64.0,6.049684158137683,1.2847070707070711
723,59.00880000000003,64.0,6.013400980544575,1.2853838383838387
724,59.008,64.0,6.029177853334871,1.2799131313131316
725,58.8672,64.0,6.01852701927989,1.3193292929292932
726,58.943999999999996,64.0,6.1113781965446865,1.2968444444444447
727,58.98400000000002,64.0,6.064838559341281,1.2771696969696973
728,58.93680000000001,64.0,6.056082385861362,1.297951515151515
729,58.897600000000004,64.0,6.020908882720338,1.3085313131313132
730,59.08239999999997,64.0,6.057282647844556,1.2653515151515153
731,59.064000000000036,64.0,5.938559121628526,1.2631010101010112
732,59.03440000000001,64.0,5.998220872573582,1.2737878787878787
733,59.0408,64.0,5.980680566399198,1.2779494949494954
734,59.06320000000001,64.0,6.036088029553428,1.2633272727272729
735,59.02960000000001,64.0,5.966640400411571,1.2744
736,58.92960000000002,64.0,6.044787070346888,1.303171717171717
737,58.9776,64.0,6.133628927105732,1.2974444444444446
738,58.93839999999996,64.0,6.054068513815865,1.293763636363637
739,59.10639999999999,64.0,6.110312618479506,1.254092929292929
740,59.016799999999996,64.0,5.983704690289536,1.2790404040404046
741,59.056799999999974,64.0,6.031682647582184,1.2668828282828286
742,59.00480000000002,64.0,6.028540413989085,1.280418181818182
743,59.014399999999995,64.0,5.986689707453475,1.275749494949495
744,59.005599999999994,64.0,5.987901856176599,1.2717454545454547
745,59.00240000000002,64.0,6.048863674719482,1.2819696969696972
746,58.917600000000014,64.0,6.045352788684379,1.3016666666666663
747,58.997599999999984,64.0,6.197974218598423,1.287436363636364
748,58.99039999999997,64.0,6.015285215268826,1.2841333333333333
749,59.02080000000001,64.0,6.111594339392641,1.2810323232323235
750,59.03840000000001,64.0,6.022966732114896,1.2697393939393937
751,58.944799999999994,64.0,5.950841936688055,1.292911111111111
752,59.022399999999976,64.0,6.073850644032728,1.2821757575757575
753,58.99119999999999,64.0,5.967141535313846,1.289393939393939
754,58.93600000000002,64.0,5.990998775312839,1.3011636363636365
755,58.92159999999999,64.0,6.124107976856265,1.3016626262626259
756,58.965599999999995,64.0,6.143004000622319,1.2855111111111106
757,59.028800000000004,64.0,6.108522099625128,1.2749777777777782
758,58.9328,64.0,6.085522351280134,1.305393939393939
759,59.01600000000002,64.0,6.071662992173981,1.2750464646464645
760,59.03279999999998,64.0,5.965222554603523,1.2716282828282826
761,58.905599999999986,64.0,6.039464666816979,1.3032323232323235
762,59.04879999999999,64.0,6.121736219625641,1.2768383838383839
763,59.036000000000016,64.0,6.015901712684208,1.2766828282828286
764,59.04160000000001,64.0,6.013903421115329,1.2730424242424236
765,58.96079999999997,64.0,6.048038701040147,1.290759595959596
766,58.95919999999998,64.0,6.065343933027211,1.2893656565656568
767,58.968,64.0,6.171457947250195,1.2883717171717164
768,59.04080000000002,64.0,6.072688468436082,1.2743070707070703
769,58.89760000000004,64.0,5.993484250487137,1.3123595959595957
770,58.990400000000015,64.0,6.1110164444072375,1.2836808080808084
771,58.9504,64.0,6.07408769685965,1.297759595959596
772,59.163999999999994,64.0,6.06951203444625,1.240539393939394
773,58.8768,64.0,5.94645577578139,1.3207616161616167
774,58.9656,64.0,6.0901765048553065,1.2917717171717171
775,58.85599999999999,64.0,6.048606863944733,1.3149939393939396
776,59.147999999999996,64.0,6.155885293401236,1.2443717171717172
777,58.98320000000002,64.0,5.954440238582736,1.2860828282828283
778,59.1352,64.0,6.0816310600992525,1.2453636363636362
779,59.0272,64.0,5.984890539512767,1.27179797979798
780,58.9392,64.0,5.979865801902121,1.2975373737373739
781,58.946400000000004,64.0,6.142134677127009,1.2947878787878784
782,58.97199999999999,64.0,6.103585463257099,1.2878868686868687
783,59.02079999999997,64.0,6.033998990446208,1.274446464646465
784,58.973600000000005,64.0,6.0945178527255806,1.2889999999999997
785,59.057599999999994,64.0,6.0908471080404025,1.2703555555555548
786,58.99840000000003,64.0,6.092181760009664,1.2859898989898988
787,59.100000000000016,64.0,6.0843883278282975,1.2574161616161617
788,59.134400000000014,64.0,6.0168000175096825,1.2483252525252522
789,58.97599999999995,64.0,5.991620765769303,1.2876181818181827
790,58.99279999999999,64.0,6.044184433744627,1.2824868686868687
791,59.01520000000001,64.0,6.113135736505472,1.2762505050505053
792,58.9736,64.0,6.085769639686553,1.290163636363637
793,59.048,64.0,6.059296598495389,1.265765656565657
794,58.9344,64.0,6.019580721438895,1.2995696969696968
795,58.93600000000002,64.0,6.054402659432201,1.2989434343434345
796,59.0432,64.0,6.115539193155712,1.267606060606061
797,58.9656,64.0,5.995080780882472,1.2979474747474746
798,58.8896,64.0,6.108535443275628,1.3092121212121217
799,58.997599999999984,64.0,6.08453535520929,1.2805070707070711

